x,y,Pass,Range,Sample,Section,V3.DW,R5.DW,V3.foliar,V3.root,R5.foliar,R5.root,PreSCN.cysts,PreSCN.eggs,PreSCN.juvs,PreSCN.eggsjuvs,PreSCN.total,Pre.spiral,Pre.lesion,Pre.dagger,PostSCN.cysts,PostSCN.eggs,PostSCN.juvs,PostSCN.eggsjuvs,PostSCN.total,Post.spiral,Post.lesion,Pre.DNA,Pre.qPCR,Pre.ratio,V3.qPCR,R5.qPCR,Post.qPCR,Post.DNA,Post.ratio,Yield,R4.DI,R4.DS,R4.DX,R5.DI,R5.DS,R5.DX,R6.DI,R6.DS,R6.DX
0.381,47.244,1,1,1,SE,0.49,4.42,2.17,73.33,1.83,43.33,47,3040,1600,4640,4687,8,0,0,14,1320,100,1420,1434,0,0,48.01333333,101.0509186,1.05E-06,5.650560379,5.135784149,1443.869202,47.26666667,1.53E-05,,,,,,,,,,
0.381,44.196,1,1,2,SE,0.47,2.05,1.33,66.67,0.67,60,84,6080,2720,8800,8884,24,0,0,37,3120,400,3520,3557,0,0,42.32666667,74.88434474,8.85E-07,5.492408752,3.657419205,770.4992167,47.16666667,8.17E-06,,,,,,,,,,
0.381,41.148,1,2,3,SE,0.59,1.27,0.83,83.33,1.83,56.67,50,3520,960,4480,4530,176,0,0,74,5120,480,5600,5674,8,0,38.3,24.13887533,3.15E-07,5.268123627,5.540107727,586.3316193,43.63333333,6.72E-06,,,,,,,,,,
0.381,38.1,1,2,4,SE,0.75,3.58,0,36.67,1.67,20,43,3280,880,4160,4203,24,0,0,47,3240,560,3800,3847,72,0,30.67666667,79.68768819,1.30E-06,4.551263809,4.745651245,652.3465169,53.78,6.06E-06,,,,,,,,,,
0.381,35.052,1,3,5,SE,0.51,2.99,1.17,65,0.83,35,15,1160,280,1440,1455,16,0,0,63,3520,160,3680,3743,0,0,38.36333333,75.52957662,9.84E-07,6.04834938,2.136238098,538.7176921,57.49,4.69E-06,,,,,,,,,,
0.381,32.004,1,3,6,SE,0.82,3.28,0.67,35,2.67,63.33,27,2040,360,2400,2427,16,0,0,58,4000,480,4480,4538,32,0,36.15,80.18915049,1.11E-06,5.14888382,4.516784668,271.9036306,63.58,2.14E-06,,,,,,,,,,
0.381,28.956,1,4,7,SE,0.56,3.54,1.5,45,2,58.33,46,3680,640,4320,4366,24,0,0,57,4000,640,4640,4697,0,0,35.87,39.80379359,5.55E-07,5.365484238,6.54416275,287.1077143,49.79666667,2.88E-06,,,,,,,,,,
0.381,25.908,1,4,8,SE,0.55,3.34,4.33,68.33,0.67,46.67,87,8120,1600,9720,9807,40,0,0,41,2480,480,2960,3001,104,0,39.11,100.7123617,1.29E-06,6.513511658,5.390737534,597.4974213,59.14666667,5.05E-06,,,,,,,,,,
0.381,22.86,1,5,9,SW,0.46,4.19,1.67,25,0,53.33,34,2800,560,3360,3394,0,0,0,31,1600,320,1920,1951,56,0,36.76333333,92.6760966,1.26E-06,3.482772827,4.165042877,589.76415,55.70333333,5.29E-06,,,,,,,,,,
0.381,19.812,1,5,10,SW,0.73,2.65,0.17,33.33,1.83,36.67,9,580,160,740,749,0,0,0,54,3840,640,4480,4534,112,0,77.18333333,98.58471425,6.39E-07,3.14299202,6.223255157,723.1152751,62.06333333,5.83E-06,,,,,,,,,,
0.381,16.764,1,6,11,SW,0.48,2.41,2.33,65,0.33,36.67,34,4440,560,5000,5034,88,0,0,24,1840,200,2040,2064,120,0,88.41666667,123.4045258,6.98E-07,4.413738251,4.174476624,648.961731,64.63333333,5.02E-06,,,,,,,,,,
0.381,13.716,1,6,12,SW,0.97,4.52,0.17,26.67,0,11.67,18,1640,320,1960,1978,0,0,0,12,960,100,1060,1072,96,0,72.34333333,83.04404449,5.74E-07,4.506557465,4.795497894,895.1328227,61.03333333,7.33E-06,,,,,,,,,,
0.381,10.668,1,7,13,SW,0.68,2.36,0,30,0.67,80,25,2760,280,3040,3065,48,0,0,39,2960,480,3440,3479,64,0,38.14333333,120.9570719,1.59E-06,2.199249268,6.368371964,1163.107188,60.58666667,9.60E-06,,,,,,,,,,
0.381,7.62,1,7,14,SW,0.73,6.33,0.17,20,0,26.67,15,1360,200,1560,1575,120,0,0,27,2160,400,2560,2587,128,0,80.7,109.6713257,6.80E-07,3.983139038,5.075965881,1820.57015,65.01,1.40E-05,,,,,,,,,,
0.381,4.572,1,8,15,SW,0.66,3.5,0.5,41.67,0.67,58.33,13,1160,220,1380,1393,48,0,0,10,760,80,840,850,16,0,91.48333333,168.7335078,9.22E-07,3.816904068,5.70422554,621.1071472,67.69666667,4.59E-06,,,,,,,,,,
0.381,1.524,1,8,16,SW,1.41,3.46,5,5,1.67,91.67,14,1040,180,1220,1234,16,0,0,84,4960,960,5920,6004,232,0,56.14666667,94.05940246,8.38E-07,2.246477127,5.900585175,1111.010539,68.55,8.10E-06,,,,,,,,,,
2.667,47.244,1,1,17,SE,0.48,4.27,2.33,78.33,2.17,43.33,83,6080,960,7040,7123,16,0,0,22,1640,160,1800,1822,8,0,43.47333333,101.323405,1.17E-06,5.098800659,3.888141632,1918.345886,54.22333333,1.77E-05,,,,,,,,,,
2.667,44.196,1,1,18,SE,0.48,2.44,1.83,46.67,1,70,34,2960,400,3360,3394,72,0,0,34,1960,320,2280,2314,24,0,46.59666667,107.5052185,1.15E-06,5.304014206,3.761962891,654.8945618,63.21,5.18E-06,,,,,,,,,,
2.667,41.148,1,2,19,SE,0.62,2.28,0.17,48.33,1.67,76.67,75,7200,720,7920,7995,80,0,0,53,3360,800,4160,4213,32,0,39.77,108.9518229,1.37E-06,5.643545151,4.948513031,1058.123103,46.84666667,1.13E-05,,,,,,,,,,
2.667,38.1,1,2,20,SE,0.59,3.11,3.17,56.67,0,26.67,62,7040,640,7680,7742,104,0,0,75,5440,720,6160,6235,40,0,41.66,66.00949096,7.92E-07,6.06640625,2.411520004,4077.814962,69.36666667,2.94E-05,,,,,,,,,,
2.667,35.052,1,3,21,SE,0.54,1.98,3,96.67,1.5,63.33,21,1840,280,2120,2141,72,0,0,76,4560,560,5120,5196,56,0,38.96,60.63991419,7.78E-07,6.617986679,3.802398682,625.6349538,53.12666667,5.89E-06,,,,,,,,,,
2.667,32.004,1,3,22,SE,0.5,1.36,2.33,36.67,2.83,85,34,3680,880,4560,4594,0,0,0,61,4240,720,4960,5021,24,0,31.18333333,53.84613291,8.63E-07,5.593875885,6.508939743,578.2854513,62.77666667,4.61E-06,,,,,,,,,,
2.667,28.956,1,4,23,SE,0.38,3.54,3,63.33,2,38.33,72,6720,1280,8000,8072,96,0,0,38,2200,160,2360,2398,120,0,43.46,74.69354502,8.59E-07,6.967985153,5.195465088,313.846817,59.12333333,2.65E-06,,,,,,,,,,
2.667,25.908,1,4,24,SE,0.3,2.2,2.5,30,0.67,43.33,67,6480,640,7120,7187,112,0,0,24,1920,240,2160,2184,24,0,41.03666667,71.95332845,8.77E-07,5.932531357,6.379976273,842.5553691,60.91,6.92E-06,,,,,,,,,,
2.667,22.86,1,5,25,SW,0.49,5.1,3,78.33,0,15,23,2520,360,2880,2903,48,0,0,21,1880,320,2200,2221,80,0,33.77666667,57.86959585,8.57E-07,3.683160782,5.988800049,728.8606364,48.7,7.48E-06,,,,,,,,,,
2.667,19.812,1,5,26,SW,0.61,3.77,2.5,26.67,0.67,13.33,32,3080,400,3480,3512,24,0,0,31,2520,400,2920,2951,56,0,69.11333333,94.9286194,6.87E-07,5.1385746,5.942447662,784.4279277,56.28666667,6.97E-06,,,,,,,,,,
2.667,16.764,1,6,27,SW,0.57,2.69,1.67,23.33,0,58.33,17,440,440,880,897,24,0,0,18,1200,240,1440,1458,80,0,69.43666667,77.62415568,5.59E-07,4.951248169,3.157665253,577.9163818,57.62,5.01E-06,,,,,,,,,,
2.667,13.716,1,6,28,SW,0.55,2.76,1.17,26.67,0,15,68,5520,720,6240,6308,24,0,0,46,3200,880,4080,4126,112,0,84.46,136.8629405,8.10E-07,6.557224274,5.417541504,544.4781901,60.17666667,4.52E-06,,,,,,,,,,
2.667,10.668,1,7,29,SW,0.52,2.71,1.5,38.33,0,33.33,63,5520,640,6160,6223,16,0,0,25,1760,240,2000,2025,40,0,81.00333333,216.9629568,1.34E-06,3.936258316,4.535243988,793.9182434,61.46666667,6.46E-06,,,,,,,,,,
2.667,7.62,1,7,30,SW,0.61,4.63,0,40,0,50,5,420,60,480,485,24,0,0,43,3240,640,3880,3923,40,0,94.53666667,130.6273244,6.91E-07,3.085687637,6.209617615,7286.5908,74.42,4.90E-05,,,,,,,,,,
2.667,4.572,1,8,31,SW,0.75,3.75,0.33,18.33,0,53.33,8,620,60,680,688,40,0,0,30,1960,360,2320,2350,152,0,88.26666667,135.7856496,7.69E-07,3.65105629,7.655721664,707.5239563,77.97,4.54E-06,,,,,,,,,,
2.667,1.524,1,8,32,SW,0.73,4.98,0.33,8.33,0,40,14,1360,280,1640,1654,24,0,0,47,3440,880,4320,4367,136,0,74.34,111.622523,7.51E-07,2.808801651,7.147890091,485.4850464,77.07666667,3.15E-06,,,,,,,,,,
3.429,47.244,2,1,33,SE,0.68,3.2,0.5,35,1.83,45,55,2960,480,3440,3495,4,0,0,32,1600,280,1880,1912,24,0,43.09666667,107.112381,1.24E-06,4.735502243,4.460361481,1212.735677,57.99,1.05E-05,,,,,,,,,,
3.429,44.196,2,1,34,SE,0.32,1.57,4.17,98.33,2.17,76.67,76,6160,880,7040,7116,24,0,0,51,3120,560,3680,3731,8,0,41.64666667,87.93425496,1.06E-06,6.053100586,4.521308899,708.1266988,57.78666667,6.13E-06,,,,,,,,,,
3.429,41.148,2,2,35,SE,0.33,3.11,1.33,76.67,2.17,38.33,90,6560,1440,8000,8090,16,0,0,68,3840,880,4720,4788,80,0,36.31666667,84.69968414,1.17E-06,6.076835632,5.760757446,600.9871724,40.98,7.33E-06,,,,,,,,,,
3.429,38.1,2,2,36,SE,0.47,1.41,1.5,51.67,0.83,58.33,76,5840,720,6560,6636,56,0,0,31,1840,200,2040,2071,80,0,46.01666667,121.9294103,1.32E-06,5.914125443,3.638925552,772.9554138,57.71,6.70E-06,,,,,,,,,,
3.429,35.052,2,3,37,SE,0.44,1.01,0.83,35,0,73.33,37,2320,400,2720,2757,112,0,0,78,4160,640,4800,4878,56,0,39.84,117.1011658,1.47E-06,5.803833008,4.202781677,635.2694855,52.31,6.07E-06,,,,,,,,,,
3.429,32.004,2,3,38,SE,0.62,1.49,0,35,2.33,73.33,82,6400,1440,7840,7922,16,0,0,85,4960,960,5920,6005,150,0,40.12666667,78.49983724,9.78E-07,4.153995514,7.161121368,347.7689768,67.77666667,2.57E-06,,,,,,,,,,
3.429,28.956,2,4,39,SE,0.53,1.78,1.5,23.33,4,50,40,2920,400,3320,3360,64,0,0,104,6080,1440,7520,7624,104,0,45.70666667,102.6752014,1.12E-06,6.641792297,6.705842972,213.4646505,62.38666667,1.71E-06,,,,,,,,,,
3.429,25.908,2,4,40,SE,0.57,1.03,1.33,20,0.83,90,18,1180,200,1380,1398,152,0,0,99,5280,1280,6560,6659,448,0,40.94333333,96.8237559,1.18E-06,4.239583969,5.982997894,1238.57723,67.49666667,9.18E-06,,,,,,,,,,
3.429,22.86,2,5,41,SW,0.55,1.68,0.33,40,1,30,5,400,40,440,445,8,0,0,79,8160,1440,9600,9679,64,0,56.11333333,48.78958511,4.35E-07,1.075353622,5.179323196,559.7126363,56.07666667,4.99E-06,,,,,,,,,,
3.429,19.812,2,5,42,SW,0.62,2.49,1,28.33,0.83,36.67,30,1920,280,2200,2230,24,0,0,35,2800,160,2960,2995,48,0,82.27666667,99.09556581,6.02E-07,3.448913574,5.414113998,650.4291433,59.99333333,5.42E-06,,,,,,,,,,
3.429,16.764,2,6,43,SW,0.48,3.37,2.83,46.67,0,30,31,3520,520,4040,4071,88,0,0,54,3440,720,4160,4214,72,0,77.87666667,112.3817546,7.22E-07,4.400772095,4.399953842,655.8281657,61.13,5.36E-06,,,,,,,,,,
3.429,13.716,2,6,44,SW,0.62,4.17,0.5,28.33,2.17,30,30,2720,520,3240,3270,24,0,0,30,2440,440,2880,2910,80,8,80.85666667,142.1280314,8.79E-07,4.784833908,3.618598938,754.068217,71.89333333,5.24E-06,,,,,,,,,,
3.429,10.668,2,7,45,SW,0.8,5.51,0.33,70,0,8.33,47,4400,560,4960,5007,104,0,0,18,1440,280,1720,1738,72,8,87.3,140.0212199,8.02E-07,3.614028931,4.008789063,1152.137604,70.33,8.19E-06,,,,,,,,,,
3.429,7.62,2,7,46,SW,0.82,2.35,0,30,0,60,6,580,60,640,646,144,0,0,59,3760,640,4400,4459,48,0,100.3433333,142.7840602,7.11E-07,4.138313293,4.145874023,1063.249552,70.75333333,7.51E-06,,,,,,,,,,
3.429,4.572,2,8,47,SW,0.61,2.86,0,15,1.17,48.33,26,2040,440,2480,2506,64,0,0,63,4320,640,4960,5023,208,0,78.83666667,114.2110926,7.24E-07,4.11788559,6.73151207,515.8241882,77.92333333,3.31E-06,,,,,,,,,,
3.429,1.524,2,8,48,SW,0.86,5.45,0,21.67,0.5,26.67,35,2840,480,3320,3355,0,0,0,104,6560,1280,7840,7944,200,0,73.06,153.948087,1.05E-06,2.818874359,5.371135712,486.7436676,71.63,3.40E-06,,,,,,,,,,
5.715,47.244,2,1,49,NE,0.5,2.35,1.33,43.67,2.17,45,18,1520,200,1720,1738,4,0,0,35,1360,280,1640,1675,8,0,45.52666667,118.0052973,1.30E-06,6.00315094,3.701627731,721.927124,58.67666667,6.15E-06,,,,,,,,,,
5.715,44.196,2,1,50,NE,0.69,1.75,0,21.67,1.83,63.33,26,2120,280,2400,2426,48,0,0,139,7800,2200,10000,10139,136,0,45.74666667,94.57610067,1.03E-06,5.190670013,4.552858353,1203.033325,56.07666667,1.07E-05,,,,,,,,,,
5.715,41.148,2,2,51,NE,0.64,2.23,0.33,35,2.33,56.67,30,2560,360,2920,2950,32,0,0,63,4400,240,4640,4703,120,0,41.13666667,100.375262,1.22E-06,3.647281647,4.946752548,372.2577362,44.92666667,4.14E-06,,,,,,,,,,
5.715,38.1,2,2,52,NE,0.64,3.68,0.33,41.67,1.17,16.67,46,3680,640,4320,4366,8,0,0,57,3920,480,4400,4457,144,0,40.90666667,110.6588948,1.35E-06,4.452119827,5.047702789,940.0992432,56.78666667,8.28E-06,,,,,,,,,,
5.715,35.052,2,3,53,NE,0.48,2.14,1.83,66.67,0.67,56.67,44,3520,480,4000,4044,24,0,0,35,1960,240,2200,2235,104,8,40.91,150.4242655,1.84E-06,5.226808548,5.604045868,492.2044067,54.01666667,4.56E-06,,,,,,,,,,
5.715,32.004,2,3,54,NE,0.5,2.19,1.33,33.33,1.67,50,45,3600,880,4480,4525,56,0,0,90,5760,480,6240,6330,208,0,48.86666667,109.5228755,1.12E-06,3.916950226,6.108474731,217.6416753,70.90666667,1.53E-06,,,,,,,,,,
5.715,28.956,2,4,55,NE,0.63,2.46,1.5,51.67,0.33,60,47,3200,720,3920,3967,112,0,0,25,1680,360,2040,2065,40,0,44.22,122.5708135,1.39E-06,4.463886261,4.049072266,213.134819,62.49,1.71E-06,,,,,,,,,,
5.715,25.908,2,4,56,NE,0.57,2.8,1,80,0.67,10,40,3040,560,3600,3640,32,0,0,30,1680,520,2200,2230,88,0,38.38333333,92.62178549,1.21E-06,4.465021133,6.269792557,811.3625895,73.86,5.49E-06,,,,,,,,,,
5.715,22.86,2,5,57,NW,0.35,2.93,2.17,36.67,0,56.67,60,5360,800,6160,6220,48,0,0,46,2080,240,2320,2366,56,0,63.13666667,105.7922185,8.38E-07,3.683578491,6.106151581,672.2051697,51.83333333,6.48E-06,,,,,,,,,,
5.715,19.812,2,5,58,NW,0.42,2.15,0.67,73.33,0,38.33,41,3760,800,4560,4601,56,0,0,50,2800,480,3280,3330,0,0,78.38333333,96.33010863,6.14E-07,2.233879089,5.91078186,576.6424255,51.84333333,5.56E-06,,,,,,,,,,
5.715,16.764,2,6,59,NW,0.71,4.04,0.5,73.33,0,13.33,33,2880,360,3240,3273,48,0,0,31,1920,480,2400,2431,0,0,70.58333333,98.97559865,7.01E-07,3.695770264,4.080104828,723.3158671,61.68333333,5.86E-06,,,,,,,,,,
5.715,13.716,2,6,60,NW,0.73,8.18,1.67,45,1.5,16.67,37,3400,400,3800,3837,24,0,0,52,2640,480,3120,3172,64,0,79.55333333,101.2791774,6.37E-07,5.5467453,4.473999023,825.769694,62.47666667,6.61E-06,,,,,,,,,,
5.715,10.668,2,7,61,NW,0.68,3.06,1.17,73.33,0,23.33,32,3240,440,3680,3712,128,0,0,43,4720,480,5200,5243,40,0,80.46333333,119.8860067,7.45E-07,4.737941742,4.141841888,920.3820089,63.52333333,7.24E-06,,,,,,,,,,
5.715,7.62,2,7,62,NW,0.38,2.1,1.17,48.33,0,66.67,34,2680,400,3080,3114,24,0,0,69,4640,720,5360,5429,128,0,93.87333333,154.5118002,8.23E-07,4.924777985,5.69474411,1045.927175,61.55,8.50E-06,,,,,,,,,,
5.715,4.572,2,8,63,NW,0.56,4.31,0.33,51.67,0,53.33,31,2360,400,2760,2791,16,0,0,39,3200,360,3560,3599,80,0,71.61,146.115209,1.02E-06,4.971542358,6.180080414,624.8376414,73.19,4.27E-06,,,,,,,,,,
5.715,1.524,2,8,64,NW,1.39,7.06,0,1.67,0,6.67,14,1140,200,1340,1354,88,0,0,89,5440,960,6400,6489,256,0,87.54,122.4664688,6.99E-07,2.063121796,2.415201187,744.5608114,63.50333333,5.86E-06,,,,,,,,,,
6.477,47.244,3,1,65,NE,0.43,2.85,1.67,31.67,0.83,56.67,16,1440,80,1520,1536,0,0,0,52,3840,800,4640,4692,8,0,41.26333333,104.6501872,1.27E-06,6.004592896,3.809476852,1646.917297,66.3,1.24E-05,,,,,,,,,,
6.477,44.196,3,1,66,NE,0.8,2.1,0,40,2.17,51.67,13,1080,100,1180,1193,32,0,0,92,7360,1120,8480,8572,400,0,38.19333333,92.64933268,1.21E-06,3.89295578,4.207210541,888.0215963,50.87333333,8.73E-06,,,,,,,,,,
6.477,41.148,3,2,67,NE,0.46,1.58,0,25,2.67,73.33,20,1680,160,1840,1860,32,0,0,65,4400,640,5040,5105,48,0,32.14333333,79.27498881,1.23E-06,5.438396454,4.533390045,538.497345,50.34333333,5.35E-06,,,,,,,,,,
6.477,38.1,3,2,68,NE,0.56,3.36,0.17,10,1.17,36.67,18,1560,160,1720,1738,40,0,0,28,1800,360,2160,2188,208,0,44.98333333,128.0703684,1.42E-06,1.424312592,4.270364761,603.6996155,52.69333333,5.73E-06,,,,,,,,,,
6.477,35.052,3,3,69,NE,0.43,2.84,0,38.33,0.33,40,42,3360,480,3840,3882,40,0,0,54,2480,800,3280,3334,240,0,43.93666667,132.8999099,1.51E-06,2.661287308,4.655097961,853.5376994,54.8,7.79E-06,,,,,,,,,,
6.477,32.004,3,3,70,NE,0.93,2.12,0.83,41.67,1.33,75,67,6560,1040,7600,7667,24,0,0,101,6960,720,7680,7781,336,16,43.2,124.647405,1.44E-06,4.194267273,4.461238861,161.6531779,72.77,1.11E-06,,,,,,,,,,
6.477,28.956,3,4,71,NE,0.5,1.98,1.17,40,1.67,36.67,15,1580,200,1780,1795,8,0,0,86,6080,960,7040,7126,56,0,46.16,83.8688024,9.08E-07,5.296461105,6.211078644,216.2998403,63.54666667,1.70E-06,,,,,,,,,,
6.477,25.908,3,4,72,NE,0.63,2.15,0,6.67,0.67,11.67,17,1560,200,1760,1777,8,0,0,31,2040,480,2520,2551,96,0,43.56666667,130.467631,1.50E-06,4.095691681,5.522628784,621.1890004,84.20333333,3.69E-06,,,,,,,,,,
6.477,22.86,3,5,73,NW,0.5,3.42,0.83,31.67,0,43.33,25,2080,400,2480,2505,88,0,0,40,2320,640,2960,3000,168,16,44.51,85.15519715,9.57E-07,2.051122665,4.412324905,600.4066671,47.67666667,6.30E-06,,,,,,,,,,
6.477,19.812,3,5,74,NW,0.55,3.39,0.67,50,0.67,8.33,44,4000,640,4640,4684,8,0,0,63,4640,560,5200,5263,40,0,80.10666667,46.07912954,2.88E-07,2.857456207,6.255516052,1416.382772,54.32,1.30E-05,,,,,,,,,,
6.477,16.764,3,6,75,NW,0.73,1.68,0,13.33,0,50,29,2000,480,2480,2509,4,0,0,24,1400,320,1720,1744,8,0,72.49333333,94.98889668,6.55E-07,3.053237915,4.999027252,837.671346,52.2,8.02E-06,,,,,,,,,,
6.477,13.716,3,6,76,NW,0.75,3.19,0.33,35,1.17,43.33,53,4480,800,5280,5333,14,0,0,32,2440,240,2680,2712,152,0,84.47333333,102.8101756,6.09E-07,4.101680756,4.872104645,1588.561157,52.46666667,1.51E-05,,,,,,,,,,
6.477,10.668,3,7,77,NW,0.68,4.07,0.83,68.33,0,46.67,35,3160,440,3600,3635,128,0,0,30,2400,200,2600,2630,96,0,73.85666667,170.6829834,1.16E-06,2.643095016,3.020383835,658.6597188,64.37666667,5.12E-06,,,,,,,,,,
6.477,7.62,3,7,78,NW,0.56,2.34,1,80,0,53.33,22,2000,240,2240,2262,24,0,0,34,2920,400,3320,3354,160,8,95.08666667,135.2312774,7.11E-07,3.738054276,4.3183918,657.4804891,64.39333333,5.11E-06,,,,,,,,,,
6.477,4.572,3,8,79,NW,0.61,4.13,0.67,33.33,0.33,30,47,4080,960,5040,5087,24,0,0,38,2480,440,2920,2958,96,0,71.82666667,153.870636,1.07E-06,4.712825775,4.009040833,752.2529806,69.02,5.45E-06,,,,,,,,,,
6.477,1.524,3,8,80,NW,1.04,4.44,0,10,0,26.67,17,1440,200,1640,1657,112,0,0,38,4880,480,5360,5398,64,0,78.66666667,122.1039301,7.76E-07,2.172000885,2.348423004,274.5905762,89.63333333,1.53E-06,,,,,,,,,,
8.763,47.244,3,1,81,NE,0.61,3.36,0,46.67,1.17,33.33,26,1440,1120,2560,2586,0,0,0,131,5800,1000,6800,6931,16,0,47.65333333,118.5365397,1.24E-06,4.648109436,2.00693512,770.938619,55.79333333,6.91E-06,,,,,,,,,,
8.763,44.196,3,1,82,NE,0.65,1.75,0.33,43.33,1.83,50,41,3360,720,4080,4121,32,0,0,54,3280,240,3520,3574,104,0,40.14666667,79.20987447,9.87E-07,5.262804031,2.252204895,558.981842,45.30333333,6.17E-06,,,,,,,,,,
8.763,41.148,3,2,83,NE,0.79,1.93,0,31.67,2,40,31,2520,480,3000,3031,16,0,0,28,1760,280,2040,2068,24,0,38.99666667,97.76326497,1.25E-06,4.205209732,4.802646637,537.908193,43.08333333,6.24E-06,,,,,,,,,,
8.763,38.1,3,2,84,NE,0.77,1.79,0.5,25,1.17,60,46,3680,640,4320,4366,16,0,0,57,4080,320,4400,4457,320,0,49.03333333,153.9556274,1.57E-06,4.688951492,2.1972332,797.0030212,60.62666667,6.57E-06,,,,,,,,,,
8.763,35.052,3,3,85,NE,0.61,2.27,0.83,45,0.33,70,94,7680,1200,8880,8974,72,0,0,39,4480,720,5200,5239,72,0,39.86,119.4878158,1.50E-06,4.816635132,4.735527039,634.7464244,51.57,6.15E-06,,,,,,,,,,
8.763,32.004,3,3,86,NE,0.78,2.72,0.33,23.33,1.5,30,55,4000,1040,5040,5095,40,0,0,101,7040,1600,8640,8741,272,0,45.05666667,103.4503199,1.15E-06,3.781917572,5.497177124,1297.085144,104.93,6.18E-06,,,,,,,,,,
8.763,28.956,3,4,87,NE,0.78,2.88,0.33,31.67,0.33,13.33,22,1880,240,2120,2142,40,0,0,79,6720,960,7680,7759,40,0,47.94,90.76700592,9.47E-07,3.653581619,6.51084137,256.2888107,71.25,1.80E-06,,,,,,,,,,
8.763,25.908,3,4,88,NE,0.61,2.1,0,16.67,0,63.33,77,6160,720,6880,6957,56,0,0,47,3280,560,3840,3887,160,0,34.26,94.34560395,1.38E-06,4.30301857,5.750699997,1381.032216,88,7.85E-06,,,,,,,,,,
8.763,22.86,3,5,89,NW,0.71,3.79,0,21.67,0,31.67,37,2840,400,3240,3277,104,0,0,37,800,440,1240,1277,168,0,68.18333333,121.2121099,8.89E-07,2.477941513,3.770729065,411.3996887,44.61,4.61E-06,,,,,,,,,,
8.763,19.812,3,5,90,NW,0.54,1.88,0,71.67,0.67,63.33,18,1240,240,1480,1498,16,0,0,69,4560,800,5360,5429,72,0,88.96,52.44939931,2.95E-07,0.261074066,7.333204269,650.6699015,41.11666667,7.91E-06,,,,,,,,,,
8.763,16.764,3,6,91,NW,0.67,2.35,1.33,30,0,58.33,28,1120,280,1400,1428,40,0,0,31,2040,280,2320,2351,64,0,69.39,68.19981639,4.91E-07,4.330623627,4.863233566,659.7553202,47.87666667,6.89E-06,,,,,,,,,,
8.763,13.716,3,6,92,NW,0.74,3.68,0,35,0,60,35,2400,320,2720,2755,80,0,0,71,4480,480,4960,5031,80,0,76.10333333,134.0638504,8.81E-07,3.167303085,4.516336441,629.3652852,46.54666667,6.76E-06,,,,,,,,,,
8.763,10.668,3,7,93,NW,0.84,3.13,0,60,0.33,73.33,58,4840,640,5480,5538,88,0,0,52,3440,640,4080,4132,136,0,90.20333333,140.6359406,7.80E-07,1.8800354,2.849777222,967.8022766,55.24666667,8.76E-06,,,,,,,,,,
8.763,7.62,3,7,94,NW,0.63,4.02,0.83,20,0,20,25,2280,200,2480,2505,16,0,0,38,3320,680,4000,4038,80,0,65.14,111.0200628,8.52E-07,3.857870102,4.393527985,1477.612467,56.7,1.30E-05,,,,,,,,,,
8.763,4.572,3,8,95,NW,0.68,4.54,0.17,21.67,1.17,41.67,18,1400,240,1640,1658,48,0,0,19,1400,320,1720,1739,88,0,85.99666667,154.2917684,8.97E-07,4.064645767,5.190519333,748.4676615,56.04333333,6.68E-06,,,,,,,,,,
8.763,1.524,3,8,96,NW,0.96,4.9,0,35,0,38.33,12,760,100,860,872,88,0,0,99,9120,1440,10560,10659,80,0,82.35,96.21082815,5.84E-07,2.256481171,4.422416687,818.5605164,56.18666667,7.28E-06,,,,,,,,,,
1.524,45.72,1,1,,,,,,,,,,,,,,,,,,,,,,,,45.1025,96.19097171,0.001063961,,,1196.902217,52.96666667,1.16E-05,26.03506097,15,2,3.333333333,10,3,3.333333333,85,2,18.88888889
1.524,39.624,1,2,,,,,,,,,,,,,,,,,,,,,,,,37.60166667,69.69696935,0.000943994,,,1593.65405,53.40666667,0.00001337,14.06947468,15,3,5,70,4,31.11111111,95,4,42.22222222
1.524,33.528,1,3,,,,,,,,,,,,,,,,,,,,,,,,36.16416667,67.55119355,0.000933782,,,503.635432,59.24333334,4.33E-06,19.87889568,45,3,15,80,4,35.55555556,90,4,40
1.524,27.432,1,4,,,,,,,,,,,,,,,,,,,,,,,,39.86916667,71.79075719,0.000894605,,,510.2518304,57.24416667,0.000004375,29.01942881,35,3,11.66666667,40,3.5,15.55555556,80,3,26.66666667
1.524,21.336,1,5,,,,,,,,,,,,,,,,,,,,,,,,54.20916667,86.01475653,0.000860623,,,706.5419973,55.68833333,6.39E-06,29.34358006,80,2.5,22.22222222,40,3,13.33333333,75,2.5,20.83333333
1.524,15.24,1,6,,,,,,,,,,,,,,,,,,,,,,,,78.66416667,105.2339166,0.000660249,,,666.6222814,60.86583333,0.00000547,34.32960977,40,2,8.888888889,40,2,8.888888889,30,2.5,8.333333333
1.524,9.144,1,7,,,,,,,,,,,,,,,,,,,,,,,,73.59583333,144.5546697,0.001073791,,,2766.046595,65.37083334,0.000019765,33.28832788,5,1,0.555555556,10,3.5,3.888888889,40,3,13.33333333
1.524,3.048,1,8,,,,,,,,,,,,,,,,,,,,,,,,77.55916667,127.5502707,0.000819942,,,731.2816722,72.82333334,0.000005095,31.40039409,5,2,1.111111111,10,2,2.222222222,55,3.5,21.38888889
4.527,45.72,2,1,,,,,,,,,,,,,,,,,,,,,,,,44.00416667,101.9070085,0.001157028,,,961.4557062,57.6325,0.00000837,25.75962443,30,2.5,8.333333333,40,4,17.77777778,90,4,40
4.527,39.624,2,2,,,,,,,,,,,,,,,,,,,,,,,,41.09416667,104.4158128,0.001265892,,,671.5748914,50.10083334,6.61E-06,15.90672914,45,2,10,60,3.5,23.33333333,90,3.5,35
4.527,33.528,2,3,,,,,,,,,,,,,,,,,,,,,,,,42.43583333,113.887036,0.001351725,,,423.2211361,61.2525,3.68E-06,21.49818325,15,2,3.333333333,40,3,13.33333333,75,2.5,20.83333333
4.527,27.432,2,4,,,,,,,,,,,,,,,,,,,,,,,,42.31333333,103.6728891,0.001224517,,,619.1348223,66.55833334,4.52E-06,27.36349076,35,2,7.777777778,30,3,10,70,2.5,19.44444444
4.527,21.336,2,5,,,,,,,,,,,,,,,,,,,,,,,,69.9775,87.50186951,0.000622309,,,614.7473437,54.93666667,5.61E-06,36.15788043,45,2.5,12.5,40,3.5,15.55555556,85,3,28.33333333
4.527,15.24,2,6,,,,,,,,,,,,,,,,,,,,,,,,77.2175,113.6911405,0.000734525,,,739.745486,64.29583333,5.77E-06,31.38013762,10,2,2.222222222,30,2,6.666666667,70,2.5,19.44444444
4.527,9.144,2,7,,,,,,,,,,,,,,,,,,,,,,,,90.495,139.3007718,0.000770346,,,1045.424085,66.53916667,0.00000786,29.44040867,10,2.5,2.777777778,5,3,1.666666667,80,2.5,22.22222222
4.527,3.048,2,8,,,,,,,,,,,,,,,,,,,,,,,,77.76166667,134.1852144,0.000874407,,,592.9915772,71.56166667,0.00000421,23.52165612,30,2,6.666666667,20,3,6.666666667,45,3.5,17.5
7.62,45.72,3,1,,,,,,,,,,,,,,,,,,,,,,,,41.81416667,98.76148351,0.001177805,,,966.2148386,54.5675,8.55E-06,19.97292043,15,2,3.333333333,95,3,31.66666667,85,2,18.88888889
7.62,39.624,3,2,,,,,,,,,,,,,,,,,,,,,,,,41.28916667,114.7660624,0.001370017,,,619.2770437,51.68666667,5.97E-06,21.21581336,65,2.5,18.05555556,70,3.5,27.22222222,90,3,30
7.62,33.528,3,3,,,,,,,,,,,,,,,,,,,,,,,,43.01333333,120.1213627,0.001400482,,,736.7556114,71.0175,5.31E-06,25.03721033,25,2,5.555555556,60,3,20,40,2,8.888888889
7.62,27.432,3,4,,,,,,,,,,,,,,,,,,,,,,,,42.98166667,99.86226082,0.001182342,,,618.7024669,76.75,0.00000376,30.60101683,30,2.5,8.333333333,30,3,10,70,2.5,19.44444444
7.62,21.336,3,5,,,,,,,,,,,,,,,,,,,,,,,,70.44,76.22395898,0.000606964,,,769.7147573,46.93083334,0.000007955,38.06111149,20,2.5,5.555555556,35,3,11.66666667,80,2.5,22.22222222
7.62,15.24,3,6,,,,,,,,,,,,,,,,,,,,,,,,75.615,100.0156848,0.000658979,,,928.8382771,49.7725,9.19E-06,40.2404562,5,2,1.111111111,10,3.5,3.888888889,30,1.5,5
7.62,9.144,3,7,,,,,,,,,,,,,,,,,,,,,,,,81.07166667,139.3925661,0.000874578,,,940.3887379,60.17916667,8.00E-06,35.77300745,5,2,1.111111111,5,2,1.111111111,15,2,3.333333333
7.62,3.048,3,8,,,,,,,,,,,,,,,,,,,,,,,,79.71,131.6192907,0.000832112,,,648.4679337,67.72083333,0.000005235,27.17338128,0,0,0,20,2,4.444444444,25,2.5,6.944444444